轻量、免费的 Markdown 阅读器。支持本地高亮、四种柔和主题和七种语言，提供网页版与 Windows 版。	A lightweight, free Markdown reader with local highlights, four quiet themes and seven languages. For the web and Windows.	Un lector Markdown ligero y gratuito con destacados locales, cuatro temas suaves y siete idiomas. Para web y Windows.	Un lecteur Markdown léger et gratuit avec surlignages locaux, quatre thèmes discrets et sept langues. Pour le web et Windows.	Ein schlanker, kostenloser Markdown-Reader mit lokalen Markierungen, vier dezenten Designs und sieben Sprachen. Für Web und Windows.	ローカルハイライト、穏やかな4テーマ、7言語に対応する、軽量で無料の Markdown リーダー。Web と Windows で利用できます。	Um leitor Markdown leve e gratuito com destaques locais, quatro temas suaves e sete idiomas. Para web e Windows.
阅读体验	The experience	La experiencia	L’expérience	Leseerlebnis	読み心地	A experiência
下载	Downloads	Descargas	Téléchargements	Downloads	ダウンロード	Downloads
免费 · 本地优先 · MIT 开源	FREE · LOCAL FIRST · MIT OPEN SOURCE	GRATIS · LOCAL · CÓDIGO ABIERTO MIT	GRATUIT · LOCAL · CODE OUVERT MIT	KOSTENLOS · LOKAL · MIT OPEN SOURCE	無料 · ローカル保存 · MIT オープンソース	GRÁTIS · LOCAL · CÓDIGO ABERTO MIT
把注意力	Make room	Deja espacio	Faites place	Mehr Raum	文字に、	Abra espaço
留给文字。	for your words.	a tus palabras.	aux mots.	für deine Worte.	余白を。	para as palavras.
一份文档，一个安静的阅读空间。打开 Markdown，留下高亮，再接着上次的位置读下去。	One document. A quiet place to read. Open Markdown, keep a highlight, and pick up where you left off.	Un documento. Un lugar tranquilo para leer. Abre Markdown, guarda un destacado y sigue donde lo dejaste.	Un document. Un endroit calme pour lire. Ouvrez Markdown, gardez un passage et reprenez votre lecture.	Ein Dokument. Ein ruhiger Ort zum Lesen. Öffne Markdown, markiere eine Passage und lies dort weiter, wo du aufgehört hast.	一つの文書に、静かな読書の場所を。Markdown を開いて、ハイライトを残し、前回の続きから読み進めましょう。	Um documento. Um lugar tranquilo para ler. Abra Markdown, guarde um destaque e continue de onde parou.
打开网页版	Open web reader	Abrir lector web	Ouvrir le lecteur web	Web-Reader öffnen	Web 版を開く	Abrir leitor web
下载 Windows 版	Download for Windows	Descargar para Windows	Télécharger pour Windows	Für Windows herunterladen	Windows 版をダウンロード	Baixar para Windows
公开预览版	Public preview	Vista previa pública	Aperçu public	Öffentliche Vorschau	公開プレビュー	Prévia pública
阅读器界面预览	Reader interface preview	Vista previa del lector	Aperçu de l’interface	Vorschau des Readers	リーダー画面のプレビュー	Prévia da interface
真实阅读器界面 · 文档与高亮保存在本机	Actual reader interface · Documents and highlights stay on your device	Interfaz real · Documentos y destacados en tu dispositivo	Interface réelle · Documents et surlignages sur votre appareil	Echte Oberfläche · Dokumente und Markierungen bleiben lokal	実際のリーダー画面 · 文書とハイライトは端末に保存	Interface real · Documentos e destaques ficam no dispositivo
刚好够用，安静好读。	Just enough. Quietly useful.	Lo justo. Sin distracciones.	L’essentiel. Tout simplement.	Genug, um in Ruhe zu lesen.	ちょうどよい機能で、静かに読む。	O essencial. Sem distrações.
为阅读保留空间，让常用的操作顺手可达。	Room to read, with the tools you need close at hand.	Espacio para leer, con las herramientas necesarias a mano.	De la place pour lire, avec les outils utiles à portée de main.	Raum zum Lesen, mit den wichtigen Werkzeugen in Reichweite.	読むための余白を残し、よく使う操作はすぐ手元に。	Espaço para ler, com as ferramentas necessárias por perto.
打开，就能读。	Open it. Read it.	Ábrelo. Léelo.	Ouvrez. Lisez.	Öffnen. Lesen.	開いたら、すぐ読める。	Abra. Leia.
拖入文档、粘贴文字，或从 Windows 双击 .md。目录、文内查找、代码高亮与专注模式，随手可用。	Drop a file, paste text, or double-click .md on Windows. Contents, search, syntax highlighting and focus mode are within reach.	Arrastra un archivo, pega texto o haz doble clic en .md en Windows. Índice, búsqueda, resaltado de código y modo enfoque a mano.	Déposez un fichier, collez du texte ou double-cliquez sur .md sous Windows. Sommaire, recherche, coloration du code et mode concentration sont accessibles.	Datei ablegen, Text einfügen oder unter Windows auf .md doppelklicken. Inhaltsverzeichnis, Suche, Syntaxhervorhebung und Fokusmodus sind griffbereit.	文書のドロップ、テキストの貼り付け、Windows の .md をダブルクリック。目次、検索、コードの色分け、集中モードも利用できます。	Arraste um arquivo, cole texto ou dê um clique duplo em .md no Windows. Sumário, busca, realce de código e modo foco ficam à mão.
留下，值得重读的句子。	Keep the lines worth returning to.	Guarda las frases que quieras releer.	Gardez les phrases à relire.	Behalte die Zeilen zum Wiederlesen.	読み返したい言葉を、残す。	Guarde os trechos que merecem releitura.
选中文字或段落即可高亮。查看摘录、跳回原文，也能取消和撤销。记录自动保存在本地，原文件保持不变。	Highlight a selection or a paragraph. Browse excerpts, return to the passage, remove or undo. Records save locally; the original stays unchanged.	Resalta texto o párrafos. Consulta extractos, vuelve al pasaje, elimina o deshaz. Los registros se guardan localmente sin cambiar el original.	Surlignez du texte ou un paragraphe. Consultez les extraits, retrouvez le passage, supprimez ou annulez. Enregistrement local, original inchangé.	Markiere Text oder Absätze. Lies Auszüge, springe zur Passage, entferne oder widerrufe Markierungen. Lokal gespeichert, ohne das Original zu ändern.	文字や段落を選んでハイライト。抜粋の一覧、原文への移動、解除、取り消しができます。記録は端末に保存され、原本はそのままです。	Destaque texto ou parágrafos. Veja trechos, volte à passagem, remova ou desfaça. Os registros ficam locais e o original não muda.
用你习惯的语言。	In a language that feels like home.	En tu idioma.	Dans votre langue.	In deiner Sprache.	使い慣れた言語で。	No seu idioma.
七种语言覆盖菜单、帮助、示例与 Windows 安装流程。自动跟随系统，也可以在 Aa 中切换。	Seven languages across menus, help, samples and Windows setup. Follow the system language or switch in Aa.	Siete idiomas en menús, ayuda, ejemplos e instalación de Windows. Sigue el idioma del sistema o cámbialo en Aa.	Sept langues pour les menus, l’aide, les exemples et l’installation Windows. Suivez la langue du système ou changez-la dans Aa.	Sieben Sprachen für Menüs, Hilfe, Beispiele und Windows-Installation. Nutze die Systemsprache oder wähle eine unter Aa.	メニュー、ヘルプ、サンプル、Windows のインストール手順が7言語に対応。システム言語に合わせるか、Aa から切り替えられます。	Sete idiomas em menus, ajuda, exemplos e instalação do Windows. Siga o idioma do sistema ou altere em Aa.
颜色退后，文字向前。	Softer colors. Clearer words.	Colores suaves. Palabras claras.	Couleurs douces. Mots clairs.	Dezente Farben. Klarer Text.	色は控えめに、文字を主役に。	Cores suaves. Palavras claras.
低饱和的暖纸和浅绿，无色相的浅白，以及安静的夜间主题。	Muted Paper and Sage, neutral White, and a quiet Night theme.	Papel y Salvia suaves, Blanco neutro y un tranquilo tema Noche.	Papier et Sauge discrets, Blanc neutre et un thème Nuit apaisé.	Dezentes Papier und Salbei, neutrales Weiß und ein ruhiges Nachtdesign.	低彩度のペーパーとセージ、無彩色のホワイト、落ち着いたナイトテーマ。	Papel e Sálvia suaves, Branco neutro e um tema Noite tranquilo.
读慢一点，也很好。	A slower page is a good page.	Leer despacio también está bien.	Lire doucement fait du bien.	Langsamer lesen tut gut.	ゆっくり読んでも、いい。	Ler devagar também faz bem.
有些句子，值得再读一次。	Some lines are worth another read.	Algunas frases merecen otra lectura.	Certaines phrases méritent une seconde lecture.	Manche Zeilen verdienen einen zweiten Blick.	もう一度読みたくなる、一文がある。	Algumas frases merecem outra leitura.
把喜欢的文字留下，把阅读的节奏还给自己。	Keep a favorite line. Find your own pace.	Guarda una frase. Encuentra tu ritmo.	Gardez une phrase. Retrouvez votre rythme.	Behalte eine Zeile. Finde deinen Rhythmus.	好きな言葉を残して、自分のペースで読む。	Guarde uma frase. Encontre seu ritmo.
选择适合此刻的底色。	Choose a surface for this moment.	Elige un fondo para este momento.	Choisissez un fond pour cet instant.	Wähle einen Hintergrund für diesen Moment.	今の気分に合う背景を選ぶ。	Escolha um fundo para este momento.
选一种方式，开始阅读。	Your next page starts here.	Tu próxima página empieza aquí.	Votre prochaine page commence ici.	Deine nächste Seite beginnt hier.	好きな方法で、読み始める。	Sua próxima página começa aqui.
同一套阅读功能，适合不同的打开方式。	The same reading tools, whichever way you open a document.	Las mismas herramientas, abras el documento como lo abras.	Les mêmes outils, quelle que soit votre façon d’ouvrir un document.	Dieselben Lesewerkzeuge, egal wie du ein Dokument öffnest.	開き方が違っても、使える読書機能は同じです。	As mesmas ferramentas, seja qual for a forma de abrir um documento.
双击文档，直接打开。	A double-click away.	A un doble clic.	À un double-clic.	Nur einen Doppelklick entfernt.	ダブルクリックで開く。	A um clique duplo.
安装后，可在 Windows 默认应用中将 .md 交给 Yue。安装器支持七种语言，无需管理员权限。	After installing, choose Yue as the default app for .md in Windows. Setup supports seven languages and needs no administrator access.	Tras instalar, elige Yue como aplicación predeterminada para .md en Windows. El instalador admite siete idiomas y no requiere permisos de administrador.	Après installation, choisissez Yue comme application par défaut pour .md sous Windows. L’installation propose sept langues et ne nécessite pas de droits administrateur.	Wähle Yue nach der Installation unter Windows als Standard-App für .md. Das Setup bietet sieben Sprachen und benötigt keine Administratorrechte.	インストール後、Windows の既定のアプリで .md に Yue を選べます。インストーラーは7言語に対応し、管理者権限は不要です。	Após instalar, escolha Yue como aplicativo padrão para .md no Windows. A instalação oferece sete idiomas e não exige acesso de administrador.
下载安装包	Download installer	Descargar instalador	Télécharger l’installateur	Installer herunterladen	インストーラーをダウンロード	Baixar instalador
便携版 ZIP	Portable ZIP	ZIP portátil	ZIP portable	Portable ZIP-Datei	ポータブル版 ZIP	ZIP portátil
更新说明	Release notes	Notas de versión	Notes de version	Versionshinweise	更新履歴	Notas da versão
打开浏览器，就能读。	A browser is all you need.	Solo necesitas un navegador.	Un navigateur suffit.	Ein Browser genügt.	ブラウザーだけで読める。	Um navegador basta.
无需安装。文件在浏览器本地处理；也可以下载独立 HTML，断网继续使用。	No installation. Files are processed locally in your browser. Download a standalone HTML file to keep reading offline.	Sin instalación. Los archivos se procesan localmente en el navegador. Descarga un HTML independiente para leer sin conexión.	Sans installation. Les fichiers sont traités localement dans le navigateur. Téléchargez le fichier HTML autonome pour lire hors ligne.	Keine Installation. Dateien werden lokal im Browser verarbeitet. Lade eine eigenständige HTML-Datei herunter, um offline weiterzulesen.	インストールは不要です。ファイルはブラウザー内で処理されます。単独の HTML をダウンロードすれば、オフラインでも読めます。	Sem instalação. Os arquivos são processados localmente no navegador. Baixe um HTML independente para ler offline.
下载离线 HTML	Download offline HTML	Descargar HTML sin conexión	Télécharger le HTML hors ligne	Offline-HTML herunterladen	オフライン HTML をダウンロード	Baixar HTML offline
Windows 安装包尚未代码签名，系统可能显示发布者提示。请从本页或 GitHub Releases 下载，并核对 SHA-256。	The Windows installer is not code-signed; Windows may show a publisher prompt. Download from this page or GitHub Releases and check the SHA-256 checksum.	El instalador no tiene firma de código; Windows puede mostrar un aviso del editor. Descárgalo aquí o en GitHub Releases y comprueba SHA-256.	L’installateur Windows n’est pas signé ; Windows peut afficher un avertissement d’éditeur. Téléchargez-le ici ou depuis GitHub Releases et vérifiez SHA-256.	Der Windows-Installer ist nicht codesigniert; Windows kann eine Herausgebermeldung anzeigen. Lade ihn hier oder über GitHub Releases herunter und prüfe SHA-256.	Windows 版はコード署名されていないため、発行元の確認が表示される場合があります。本ページまたは GitHub Releases から入手し、SHA-256 を確認してください。	O instalador Windows não tem assinatura de código; o sistema pode mostrar um aviso do editor. Baixe aqui ou no GitHub Releases e confira o SHA-256.
反馈问题	Report an issue	Informar de un problema	Signaler un problème	Problem melden	問題を報告	Relatar um problema
复制官网链接	Copy website link	Copiar enlace del sitio	Copier le lien du site	Website-Link kopieren	公式サイトのリンクをコピー	Copiar link do site
请复制浏览器地址栏中的链接。	Copy the link from your browser's address bar.	Copia el enlace de la barra de direcciones.	Copiez le lien dans la barre d’adresse.	Kopiere den Link aus der Adressleiste deines Browsers.	ブラウザーのアドレスバーからリンクをコピーしてください。	Copie o link da barra de endereços.
简单，也应该透明。	Simple should be open.	Lo simple también debe ser abierto.	La simplicité mérite la transparence.	Einfach sollte offen sein.	シンプルで、オープンに。	Simples também deve ser aberto.
前端、Windows 宿主、安装器与构建脚本一并开放。欢迎反馈、翻译和代码贡献。	The reader, Windows host, installer and build scripts are open source. Feedback, translations and code contributions are welcome.	El lector, la aplicación Windows, el instalador y los scripts son de código abierto. Agradecemos comentarios, traducciones y contribuciones.	Le lecteur, l’application Windows, l’installateur et les scripts sont ouverts. Retours, traductions et contributions sont les bienvenus.	Reader, Windows-Host, Installer und Build-Skripte sind Open Source. Feedback, Übersetzungen und Codebeiträge sind willkommen.	リーダー、Windows ホスト、インストーラー、ビルドスクリプトを公開しています。フィードバック、翻訳、コードへの貢献を歓迎します。	O leitor, o aplicativo Windows, o instalador e os scripts são abertos. Comentários, traduções e contribuições são bem-vindos.
查看 GitHub 源码	Explore the source on GitHub	Ver código en GitHub	Voir le code sur GitHub	Quellcode auf GitHub ansehen	GitHub でソースを見る	Ver código no GitHub
开始之前，你可能想知道。	A few things before you start.	Antes de empezar.	Avant de commencer.	Gut zu wissen.	はじめに、知っておきたいこと。	Antes de começar.
文件会上传吗？	Are my files uploaded?	¿Se suben mis archivos?	Mes fichiers sont-ils envoyés ?	Werden meine Dateien hochgeladen?	ファイルはアップロードされますか？	Meus arquivos são enviados?
阅读器在本机处理文档，不上传文档内容，也未接入广告或行为分析。访问官网时，托管服务仍会接收常规网络请求信息。	The reader processes documents on your device, without uploading their contents. It has no ads or behavioral analytics. The hosting service still receives normal network request information when you visit the website.	El lector procesa documentos en tu dispositivo sin subir su contenido. No incluye anuncios ni análisis de comportamiento. El alojamiento recibe información normal de las solicitudes al visitar el sitio.	Le lecteur traite les documents sur votre appareil sans envoyer leur contenu. Il ne contient ni publicité ni analyse comportementale. L’hébergeur reçoit les informations ordinaires des requêtes lors d’une visite du site.	Der Reader verarbeitet Dokumente lokal, ohne Inhalte hochzuladen. Er enthält keine Werbung oder Verhaltensanalyse. Beim Websitebesuch erhält der Hostingdienst die üblichen Netzwerkanfragen.	文書は端末内で処理され、内容は送信されません。広告や行動分析も導入していません。公式サイトへのアクセス時、ホスティングサービスは通常の通信情報を受け取ります。	O leitor processa documentos no dispositivo, sem enviar seu conteúdo. Não tem anúncios nem análise de comportamento. A hospedagem recebe informações normais das solicitações ao visitar o site.
网页版和 Windows 会同步记录吗？	Do web and Windows sync my records?	¿Se sincronizan web y Windows?	Le web et Windows synchronisent-ils les données ?	Synchronisieren Web und Windows meine Daten?	Web と Windows で記録は同期されますか？	Web e Windows sincronizam meus dados?
功能一致，但各环境分别保存本地记录，目前没有账号和跨设备云同步。清除浏览器或应用数据会移除本地文档及高亮，请保留原件。	They share features, but store records separately. There are no accounts or cross-device cloud sync. Clearing browser or app data removes local documents and highlights. Keep your originals.	Comparten funciones, pero guardan los registros por separado. No hay cuentas ni sincronización en la nube. Borrar los datos elimina documentos y destacados locales. Conserva los originales.	Les fonctions sont communes, mais les données sont stockées séparément. Il n’y a ni compte ni synchronisation cloud entre appareils. Effacer les données supprime documents et surlignages locaux. Conservez vos originaux.	Die Funktionen sind gleich, die Daten werden getrennt gespeichert. Es gibt keine Konten oder geräteübergreifende Cloud-Synchronisierung. Das Löschen der App- oder Browserdaten entfernt lokale Dokumente und Markierungen. Bewahre Originale auf.	機能は共通ですが、記録はそれぞれの環境に保存されます。アカウントやクラウド同期はありません。ブラウザーやアプリのデータを消すと文書とハイライトも削除されるため、原本は保管してください。	Os recursos são os mesmos, mas os registros são separados. Não há contas nem sincronização na nuvem. Limpar os dados do navegador ou aplicativo remove documentos e destaques locais. Guarde os originais.
能编辑 Markdown 吗？	Can I edit Markdown?	¿Puedo editar Markdown?	Puis-je modifier du Markdown ?	Kann ich Markdown bearbeiten?	Markdown を編集できますか？	Posso editar Markdown?
Yue 专注阅读与高亮，不修改原始 Markdown。「下载原文」可保存文档副本。	Yue focuses on reading and highlighting, without changing the original Markdown. Download original saves a copy of the document.	Yue se centra en leer y resaltar, sin modificar el Markdown original. Descargar original guarda una copia.	Yue se concentre sur la lecture et le surlignage, sans modifier le Markdown original. Télécharger l’original enregistre une copie.	Yue konzentriert sich auf Lesen und Markieren, ohne das ursprüngliche Markdown zu ändern. Original herunterladen speichert eine Kopie.	Yue は読むこととハイライトに特化し、原本の Markdown は変更しません。「原文をダウンロード」でコピーを保存できます。	Yue foca em leitura e destaques, sem alterar o Markdown original. Baixar original salva uma cópia.
怎样设为 .md 默认打开方式？	How do I make it the default for .md?	¿Cómo lo hago predeterminado para .md?	Comment le définir par défaut pour .md ?	Wie wird Yue zum Standard für .md?	.md の既定のアプリにするには？	Como definir como padrão para .md?
安装完成后，点击「设置默认打开方式」，在 Windows 设置中选择 Yue。也可以右键 .md → 打开方式 → 选择 Yue → 始终。	After installation, click Set default app and choose Yue in Windows Settings. Or right-click a .md file → Open with → Yue → Always.	Tras instalar, pulsa Definir aplicación predeterminada y elige Yue en Configuración de Windows. O clic derecho en .md → Abrir con → Yue → Siempre.	Après installation, cliquez sur Définir l’application par défaut et choisissez Yue dans Windows. Ou clic droit sur .md → Ouvrir avec → Yue → Toujours.	Klicke nach der Installation auf Standard-App festlegen und wähle Yue in Windows. Oder Rechtsklick auf .md → Öffnen mit → Yue → Immer.	インストール後、「既定のアプリを設定」を押し、Windows の設定で Yue を選びます。または .md を右クリック → プログラムから開く → Yue → 常に使う、で設定できます。	Após instalar, clique em Definir aplicativo padrão e escolha Yue no Windows. Ou clique com o botão direito em .md → Abrir com → Yue → Sempre.
下载源码	Download source	Descargar código	Télécharger le code	Quellcode herunterladen	ソースをダウンロード	Baixar código
隐私说明	Privacy notes	Privacidad	Confidentialité	Datenschutz	プライバシーについて	Privacidade
