阅 · Markdown 阅读器	Yue · Markdown Reader	Yue · Lector Markdown	Yue · Lecteur Markdown	Yue · Markdown-Reader	Yue · Markdown リーダー	Yue · Leitor Markdown
主题	Theme	Tema	Thème	Design	テーマ	Tema
暖纸	Paper	Papel	Papier	Papier	ペーパー	Papel
浅绿	Sage	Salvia	Sauge	Salbei	セージ	Sálvia
夜间	Night	Noche	Nuit	Nacht	ナイト	Noite
浅白	White	Blanco	Blanc	Weiß	ホワイト	Branco
语言	Language	Idioma	Langue	Sprache	言語	Idioma
跟随系统	System language	Idioma del sistema	Langue du système	Systemsprache	システム言語	Idioma do sistema
跳到正文	Skip to content	Ir al contenido	Aller au contenu	Zum Inhalt	本文へスキップ	Ir para o conteúdo
文档库	Library	Biblioteca	Bibliothèque	Bibliothek	ライブラリ	Biblioteca
阅，回到欢迎文档	Yue, open the welcome guide	Yue, abrir la guía	Yue, ouvrir le guide	Yue, Einführung öffnen	Yue、ガイドを開く	Yue, abrir o guia
悦读每一页	Room for words	Espacio para leer	Place aux mots	Raum für Worte	読む時間を、心地よく	Espaço para ler
打开文件	Open file	Abrir archivo	Ouvrir un fichier	Datei öffnen	ファイルを開く	Abrir arquivo
我的文档	My documents	Mis documentos	Mes documents	Meine Dokumente	マイドキュメント	Meus documentos
筛选文档	Filter documents	Filtrar documentos	Filtrer les documents	Dokumente filtern	文書を絞り込む	Filtrar documentos
搜索文件名…	Search file names…	Buscar nombres…	Rechercher un nom…	Dateinamen suchen…	ファイル名を検索…	Buscar nomes…
搜索文件名	Search file names	Buscar nombres de archivo	Rechercher un nom de fichier	Dateinamen suchen	ファイル名を検索	Buscar nomes de arquivo
已打开的文档	Open documents	Documentos abiertos	Documents ouverts	Geöffnete Dokumente	開いている文書	Documentos abertos
把文档拖到这里	Drop documents here	Arrastra documentos aquí	Déposez vos documents ici	Dokumente hier ablegen	ここに文書をドロップ	Solte documentos aqui
支持 .md / .markdown / .txt	.md / .markdown / .txt	.md / .markdown / .txt	.md / .markdown / .txt	.md / .markdown / .txt	.md / .markdown / .txt	.md / .markdown / .txt
文档仅保存在本机	Documents stay on this device	Documentos en este dispositivo	Documents sur cet appareil	Dokumente bleiben lokal	文書はこの端末に保存	Documentos ficam neste dispositivo
少一点干扰，多一点专注。	Less noise. More reading.	Menos ruido. Más lectura.	Moins de bruit. Plus de lecture.	Weniger Ablenkung. Mehr Lesen.	気が散るものを減らし、読書に集中。	Menos distração. Mais leitura.
使用帮助与快捷键	Help and shortcuts	Ayuda y atajos	Aide et raccourcis	Hilfe und Tastenkürzel	ヘルプとショートカット	Ajuda e atalhos
关闭文档库	Close library	Cerrar biblioteca	Fermer la bibliothèque	Bibliothek schließen	ライブラリを閉じる	Fechar biblioteca
切换文档库	Toggle library	Mostrar u ocultar biblioteca	Afficher ou masquer la bibliothèque	Bibliothek ein-/ausblenden	ライブラリの表示切替	Mostrar ou ocultar biblioteca
查找文档内容	Find in document	Buscar en el documento	Rechercher dans le document	Im Dokument suchen	文書内を検索	Buscar no documento
查找文档内容 (Ctrl K)	Find in document (Ctrl K)	Buscar en el documento (Ctrl K)	Rechercher dans le document (Ctrl K)	Im Dokument suchen (Strg K)	文書内を検索 (Ctrl K)	Buscar no documento (Ctrl K)
查找	Find	Buscar	Rechercher	Suchen	検索	Buscar
查看本篇高亮	View highlights	Ver destacados	Voir les surlignages	Markierungen anzeigen	ハイライトを表示	Ver destaques
本篇高亮	Highlights	Destacados	Surlignages	Markierungen	ハイライト	Destaques
阅读设置	Reading settings	Ajustes de lectura	Réglages de lecture	Leseeinstellungen	表示設定	Ajustes de leitura
进入专注模式	Enter focus mode	Activar modo enfoque	Activer le mode concentration	Fokusmodus aktivieren	集中モードに入る	Ativar modo foco
专注模式 (F)	Focus mode (F)	Modo enfoque (F)	Mode concentration (F)	Fokusmodus (F)	集中モード (F)	Modo foco (F)
更多操作	More options	Más opciones	Plus d’options	Weitere Optionen	その他	Mais opções
让阅读更合心意	Make yourself comfortable	Lee a tu manera	Lisez à votre rythme	Lesen nach Wunsch	自分に合った読み心地	Leia do seu jeito
关闭阅读设置	Close reading settings	Cerrar ajustes	Fermer les réglages	Leseeinstellungen schließen	表示設定を閉じる	Fechar ajustes
文字大小	Text size	Tamaño del texto	Taille du texte	Schriftgröße	文字サイズ	Tamanho do texto
减小字号	Decrease text size	Reducir tamaño	Réduire le texte	Schrift verkleinern	文字を小さくする	Diminuir texto
增大字号	Increase text size	Aumentar tamaño	Agrandir le texte	Schrift vergrößern	文字を大きくする	Aumentar texto
阅读字体	Reading font	Fuente de lectura	Police de lecture	Leseschrift	読書用フォント	Fonte de leitura
黑体	Sans	Sin serifa	Sans empattement	Serifenlos	ゴシック	Sem serifa
宋体	Serif	Con serifa	Avec empattement	Serifen	明朝	Com serifa
阅读宽度	Reading width	Ancho de lectura	Largeur de lecture	Lesebreite	表示幅	Largura de leitura
舒适	Comfort	Cómodo	Confort	Komfort	標準	Confortável
宽屏	Wide	Amplio	Large	Breit	ワイド	Ampla
恢复默认设置	Reset reading settings	Restablecer lectura	Réinitialiser la lecture	Leseeinstellungen zurücksetzen	表示設定をリセット	Redefinir leitura
关闭主题	Close themes	Cerrar temas	Fermer les thèmes	Designauswahl schließen	テーマを閉じる	Fechar temas
选择阅读主题	Choose a reading theme	Elegir tema	Choisir un thème	Lesedesign auswählen	テーマを選択	Escolher tema
粘贴 Markdown	Paste Markdown	Pegar Markdown	Coller du Markdown	Markdown einfügen	Markdown を貼り付け	Colar Markdown
打开文件夹	Open folder	Abrir carpeta	Ouvrir un dossier	Ordner öffnen	フォルダーを開く	Abrir pasta
文档目录	Contents	Índice	Sommaire	Inhaltsverzeichnis	目次	Sumário
下载原文	Download original	Descargar original	Télécharger l’original	Original herunterladen	原文をダウンロード	Baixar original
打印 / 导出 PDF	Print / Save PDF	Imprimir / Guardar PDF	Imprimer / Enregistrer en PDF	Drucken / Als PDF speichern	印刷 / PDF 保存	Imprimir / Salvar PDF
文内查找	Find in document	Buscar en el documento	Rechercher dans le document	Im Dokument suchen	文書内検索	Buscar no documento
在当前文档中查找…	Find in this document…	Buscar en este documento…	Rechercher dans ce document…	In diesem Dokument suchen…	この文書内を検索…	Buscar neste documento…
查找关键词	Search term	Texto a buscar	Terme recherché	Suchbegriff	検索語	Termo de busca
输入关键词	Enter a search term	Escribe un término	Saisissez un terme	Suchbegriff eingeben	検索語を入力	Digite um termo
上一个匹配	Previous match	Coincidencia anterior	Résultat précédent	Vorheriger Treffer	前の一致	Resultado anterior
下一个匹配	Next match	Siguiente coincidencia	Résultat suivant	Nächster Treffer	次の一致	Próximo resultado
关闭查找	Close search	Cerrar búsqueda	Fermer la recherche	Suche schließen	検索を閉じる	Fechar busca
一页开始，一刻专注	One page. A little focus.	Una página. Un poco de calma.	Une page. Un instant pour soi.	Eine Seite. Ein Moment Ruhe.	一ページから、静かな時間を。	Uma página. Um pouco de calma.
文档正文	Document content	Contenido del documento	Contenu du document	Dokumentinhalt	文書の本文	Conteúdo do documento
读到这里，刚刚好。	A good place to pause.	Un buen lugar para hacer una pausa.	Un bel endroit pour faire une pause.	Ein guter Moment für eine Pause.	ここで、ひと息。	Um bom lugar para uma pausa.
本页目录	On this page	En esta página	Sur cette page	Auf dieser Seite	このページの目次	Nesta página
阅读进度	Reading progress	Progreso de lectura	Progression de lecture	Lesefortschritt	読書の進み具合	Progresso da leitura
回到顶部	Back to top	Volver arriba	Retour en haut	Nach oben	先頭へ戻る	Voltar ao topo
关闭高亮面板	Close highlights	Cerrar destacados	Fermer les surlignages	Markierungen schließen	ハイライトを閉じる	Fechar destaques
选中文字或段落，留下值得重读的片刻。	Select a passage worth returning to.	Selecciona un pasaje que quieras releer.	Sélectionnez un passage à relire.	Markiere eine Passage zum Wiederlesen.	読み返したい文章や段落を選択しましょう。	Selecione um trecho para reler depois.
自动保存在本地 · 原文件不变	Saved locally · Original unchanged	Guardado local · Original intacto	Enregistré localement · Original intact	Lokal gespeichert · Original unverändert	端末に自動保存 · 原文はそのまま	Salvo localmente · Original intacto
准备就绪	Ready	Listo	Prêt	Bereit	準備完了	Pronto
静下心来，好好读一页	Take a moment to read.	Tómate un momento para leer.	Prenez un instant pour lire.	Nimm dir Zeit zum Lesen.	ひと息ついて、一ページ。	Reserve um momento para ler.
专注模式	Focus mode	Modo enfoque	Mode concentration	Fokusmodus	集中モード	Modo foco
放下文档，开始阅读	Drop a document. Start reading.	Suelta un documento y empieza a leer.	Déposez un document et lisez.	Dokument ablegen und loslesen.	文書をドロップして、読み始める。	Solte um documento e comece a ler.
Markdown、TXT，以及文档中的图片	Markdown, TXT and local images	Markdown, TXT e imágenes locales	Markdown, TXT et images locales	Markdown, TXT und lokale Bilder	Markdown、TXT、文書内の画像	Markdown, TXT e imagens locais
给文字一个安静的地方	A quiet place for words	Un lugar tranquilo para tus palabras	Un endroit calme pour les mots	Ein ruhiger Ort für Worte	文字に、静かな居場所を。	Um lugar tranquilo para as palavras
粘贴 Markdown，即刻开始阅读。	Paste Markdown to start reading.	Pega Markdown para empezar a leer.	Collez du Markdown pour commencer.	Markdown einfügen und loslesen.	Markdown を貼り付けて読み始めましょう。	Cole Markdown para começar a ler.
关闭粘贴窗口	Close paste window	Cerrar ventana	Fermer la fenêtre	Einfügefenster schließen	貼り付け画面を閉じる	Fechar janela
文档名称	Document name	Nombre del documento	Nom du document	Dokumentname	文書名	Nome do documento
文档名称（可选）	Document name (optional)	Nombre (opcional)	Nom du document (facultatif)	Dokumentname (optional)	文書名（任意）	Nome do documento (opcional)
Markdown 内容	Markdown content	Contenido Markdown	Contenu Markdown	Markdown-Inhalt	Markdown の内容	Conteúdo Markdown
# 从这里开始\n\n把你的 Markdown 粘贴到这里…	# Start here\n\nPaste your Markdown here…	# Empieza aquí\n\nPega tu Markdown aquí…	# Commencez ici\n\nCollez votre Markdown ici…	# Hier beginnen\n\nMarkdown hier einfügen…	# ここから始める\n\nMarkdown をここに貼り付け…	# Comece aqui\n\nCole seu Markdown aqui…
仅保存在本地	Stored only on this device	Guardado solo en este dispositivo	Stocké uniquement sur cet appareil	Nur auf diesem Gerät gespeichert	この端末だけに保存	Armazenado apenas neste dispositivo
开始阅读	Start reading	Empezar a leer	Commencer à lire	Jetzt lesen	読み始める	Começar a ler
简单一点，就很好。	A little simpler. A little calmer.	Más simple. Más tranquilo.	Plus simple. Plus calme.	Einfacher. Ruhiger.	シンプルで、心地よく。	Mais simples. Mais tranquilo.
「阅」的使用小贴士	A few tips for Yue	Consejos para Yue	Quelques conseils pour Yue	Tipps für Yue	Yue の使い方	Dicas para o Yue
关闭帮助	Close help	Cerrar ayuda	Fermer l’aide	Hilfe schließen	ヘルプを閉じる	Fechar ajuda
打开或拖入 Markdown 文件，即可阅读。也可以在「更多操作」中粘贴文本，或打开文件夹以一并加载本地图片。	Open or drop a Markdown file to read it. More options lets you paste text or open a folder with local images.	Abre o arrastra un archivo Markdown. En Más opciones puedes pegar texto o abrir una carpeta con imágenes locales.	Ouvrez ou déposez un fichier Markdown. Dans Plus d’options, collez du texte ou ouvrez un dossier avec ses images locales.	Öffne eine Markdown-Datei oder ziehe sie ins Fenster. Unter Weitere Optionen kannst du Text einfügen oder einen Ordner mit lokalen Bildern öffnen.	Markdown ファイルを開くか、ウィンドウにドロップします。「その他」からテキストの貼り付けや、画像を含むフォルダーの読み込みもできます。	Abra ou arraste um arquivo Markdown. Em Mais opções, cole texto ou abra uma pasta com imagens locais.
高亮选中文字	Highlight selection	Resaltar selección	Surligner la sélection	Auswahl markieren	選択範囲をハイライト	Destacar seleção
切换专注模式	Toggle focus mode	Alternar modo enfoque	Basculer le mode concentration	Fokusmodus umschalten	集中モードを切り替え	Alternar modo foco
退出专注 / 关闭面板	Leave focus / Close panels	Salir del enfoque / Cerrar paneles	Quitter la concentration / Fermer les panneaux	Fokus verlassen / Bereiche schließen	集中モード終了 / パネルを閉じる	Sair do foco / Fechar painéis
文档仅在本地处理，不上传服务器。高亮会自动保存在本地，可在工具栏的「本篇高亮」中查看和取消。清除应用或浏览器数据会移除文档及高亮记录，重要文件请保留原件。单个文档最大 5 MB。	Documents are processed locally and never uploaded. Highlights are saved on this device; view or remove them in Highlights. Clearing app or browser data removes saved documents and highlights. Keep your originals. Maximum document size: 5 MB.	Los documentos se procesan localmente y no se suben. Los destacados se guardan en este dispositivo; puedes verlos o quitarlos en Destacados. Borrar los datos de la aplicación o del navegador elimina documentos y destacados guardados. Conserva los originales. Máximo por documento: 5 MB.	Les documents sont traités localement, sans envoi au serveur. Les surlignages sont enregistrés sur cet appareil ; consultez-les ou supprimez-les dans Surlignages. Effacer les données de l’application ou du navigateur supprime les documents et surlignages enregistrés. Conservez vos originaux. Taille maximale : 5 Mo.	Dokumente werden lokal verarbeitet und nicht hochgeladen. Markierungen bleiben auf diesem Gerät; unter Markierungen kannst du sie ansehen oder entfernen. Das Löschen der App- oder Browserdaten entfernt gespeicherte Dokumente und Markierungen. Bewahre die Originale auf. Höchstgröße: 5 MB.	文書は端末内で処理され、サーバーには送信されません。ハイライトは端末に保存され、一覧から確認・解除できます。アプリやブラウザーのデータを消去すると、保存した文書とハイライトも削除されます。原本は別途保管してください。文書は最大 5 MB です。	Os documentos são processados localmente, sem envio ao servidor. Os destaques ficam neste dispositivo; veja ou remova-os em Destaques. Limpar os dados do aplicativo ou navegador remove documentos e destaques salvos. Guarde os originais. Limite por documento: 5 MB.
使用 Marked、DOMPurify 与 highlight.js 构建。	Built with Marked, DOMPurify and highlight.js.	Creado con Marked, DOMPurify y highlight.js.	Conçu avec Marked, DOMPurify et highlight.js.	Erstellt mit Marked, DOMPurify und highlight.js.	Marked、DOMPurify、highlight.js を使用しています。	Criado com Marked, DOMPurify e highlight.js.
开源许可	Open-source licenses	Licencias de código abierto	Licences libres	Open-Source-Lizenzen	オープンソースライセンス	Licenças de código aberto
开源组件与许可证	Components and licenses	Componentes y licencias	Composants et licences	Komponenten und Lizenzen	使用ライブラリとライセンス	Componentes e licenças
关闭目录	Close contents	Cerrar índice	Fermer le sommaire	Inhaltsverzeichnis schließen	目次を閉じる	Fechar sumário
章节导航	Section navigation	Navegación por secciones	Navigation par section	Abschnittsnavigation	見出しナビゲーション	Navegação por seções
文字高亮	Text highlights	Texto destacado	Surlignage du texte	Textmarkierungen	テキストのハイライト	Destaques de texto
高亮	Highlight	Resaltar	Surligner	Markieren	ハイライト	Destacar
请启用 JavaScript 以打开 Markdown 文档。	Enable JavaScript to open Markdown documents.	Activa JavaScript para abrir documentos Markdown.	Activez JavaScript pour ouvrir des documents Markdown.	Aktiviere JavaScript, um Markdown-Dokumente zu öffnen.	Markdown 文書を開くには JavaScript を有効にしてください。	Ative o JavaScript para abrir documentos Markdown.
官网与下载	Website & downloads	Sitio y descargas	Site et téléchargements	Website und Downloads	公式サイトとダウンロード	Site e downloads
官网	Website	Sitio web	Site web	Website	公式サイト	Site
本次会话可用	Available this session	Disponible en esta sesión	Disponible pour cette session	Für diese Sitzung verfügbar	このセッションのみ利用可能	Disponível nesta sessão
浏览器存储空间不足；文档仍可阅读，请保留原文件。	Browser storage is full. You can still read; keep the original file.	El almacenamiento está lleno. Puedes seguir leyendo; conserva el original.	Le stockage est plein. La lecture reste possible ; conservez l’original.	Der Browserspeicher ist voll. Lesen bleibt möglich; bewahre die Originaldatei auf.	ブラウザーの保存容量が不足しています。読むことはできますが、原本を保管してください。	O armazenamento está cheio. Você ainda pode ler; guarde o original.
移除（可撤销）	Remove (undo available)	Quitar (se puede deshacer)	Retirer (annulable)	Entfernen (rückgängig möglich)	一覧から削除（取り消し可能）	Remover (pode desfazer)
没有找到匹配的文档	No matching documents	No hay documentos coincidentes	Aucun document correspondant	Keine passenden Dokumente	一致する文書はありません	Nenhum documento encontrado
我的本地文档	My local document	Mi documento local	Mon document local	Mein lokales Dokument	ローカル文書	Meu documento local
示例文档	Sample document	Documento de ejemplo	Document d’exemple	Beispieldokument	サンプル文書	Documento de exemplo
本地文档	Local document	Documento local	Document local	Lokales Dokument	ローカル文書	Documento local
文档图片	Document image	Imagen del documento	Image du document	Dokumentbild	文書の画像	Imagem do documento
加载外部图片	Load external image	Cargar imagen externa	Charger l’image externe	Externes Bild laden	外部画像を読み込む	Carregar imagem externa
图片暂时无法加载	This image could not be loaded	No se pudo cargar la imagen	Impossible de charger l’image	Bild konnte nicht geladen werden	画像を読み込めませんでした	Não foi possível carregar a imagem
正在加载本地图片…	Loading local image…	Cargando imagen local…	Chargement de l’image locale…	Lokales Bild wird geladen…	ローカル画像を読み込み中…	Carregando imagem local…
请将本地图片一同拖入，或打开所在文件夹	Drop the local image here or open its folder	Arrastra la imagen o abre su carpeta	Déposez l’image locale ou ouvrez son dossier	Lokales Bild ablegen oder seinen Ordner öffnen	画像を一緒にドロップするか、フォルダーを開いてください	Arraste a imagem local ou abra sua pasta
请先打开此链接对应的本地文档。	Open the linked local document first.	Abre primero el documento local enlazado.	Ouvrez d’abord le document local lié.	Öffne zuerst das verknüpfte lokale Dokument.	先にリンク先のローカル文書を開いてください。	Abra primeiro o documento local vinculado.
这是一份空文档。	This document is empty.	Este documento está vacío.	Ce document est vide.	Dieses Dokument ist leer.	この文書は空です。	Este documento está vazio.
复制	Copy	Copiar	Copier	Kopieren	コピー	Copiar
复制代码	Copy code	Copiar código	Copier le code	Code kopieren	コードをコピー	Copiar código
已复制	Copied	Copiado	Copié	Kopiert	コピーしました	Copiado
本文暂无标题	No headings in this document	Este documento no tiene títulos	Aucun titre dans ce document	Dieses Dokument hat keine Überschriften	この文書に見出しはありません	Este documento não tem títulos
未能访问剪贴板，请选择代码后手动复制。	Clipboard access failed. Select the code and copy it manually.	No se pudo acceder al portapapeles. Selecciona el código y cópialo manualmente.	Accès au presse-papiers impossible. Sélectionnez le code et copiez-le manuellement.	Kein Zugriff auf die Zwischenablage. Wähle den Code aus und kopiere ihn manuell.	クリップボードにアクセスできません。コードを選択して手動でコピーしてください。	Não foi possível acessar a área de transferência. Selecione o código e copie manualmente.
先选中正文中的文字或段落，再点击高亮。	Select some text or a paragraph, then choose Highlight.	Selecciona texto o un párrafo y pulsa Resaltar.	Sélectionnez du texte ou un paragraphe, puis Surligner.	Wähle Text oder einen Absatz aus und klicke auf Markieren.	本文の文字や段落を選択してから、ハイライトを押してください。	Selecione texto ou um parágrafo e clique em Destacar.
这段文字较长，请分段高亮。	This passage is long. Highlight smaller sections.	Este pasaje es largo. Resalta secciones más cortas.	Ce passage est long. Surlignez des sections plus courtes.	Diese Passage ist lang. Markiere kleinere Abschnitte.	選択範囲が長すぎます。分けてハイライトしてください。	Este trecho é longo. Destaque partes menores.
高亮已保存，下次打开仍会保留。	Highlight saved for your next visit.	Destacado guardado para la próxima vez.	Surlignage enregistré pour votre prochaine visite.	Markierung für den nächsten Besuch gespeichert.	ハイライトを保存しました。次回も表示されます。	Destaque salvo para a próxima visita.
本篇高亮较多，请先整理已有记录。	This document has many highlights. Remove a few before adding more.	Este documento tiene muchos destacados. Quita algunos antes de añadir más.	Ce document contient beaucoup de surlignages. Supprimez-en avant d’en ajouter.	Dieses Dokument hat viele Markierungen. Entferne einige, bevor du neue hinzufügst.	ハイライトが多すぎます。既存の記録を整理してください。	Este documento tem muitos destaques. Remova alguns antes de adicionar mais.
高亮未能保存，请检查本地存储空间后重试。	Highlight could not be saved. Check local storage and try again.	No se pudo guardar. Comprueba el espacio local e inténtalo de nuevo.	Enregistrement impossible. Vérifiez le stockage local et réessayez.	Markierung konnte nicht gespeichert werden. Prüfe den lokalen Speicher und versuche es erneut.	ハイライトを保存できません。端末の保存容量を確認して再試行してください。	Não foi possível salvar. Verifique o armazenamento local e tente novamente.
已取消高亮。	Highlight removed.	Destacado eliminado.	Surlignage supprimé.	Markierung entfernt.	ハイライトを解除しました。	Destaque removido.
撤销	Undo	Deshacer	Annuler	Rückgängig	元に戻す	Desfazer
未能恢复高亮，请检查本地存储空间。	Could not restore the highlight. Check local storage.	No se pudo restaurar. Comprueba el almacenamiento local.	Restauration impossible. Vérifiez le stockage local.	Markierung konnte nicht wiederhergestellt werden. Prüfe den lokalen Speicher.	ハイライトを復元できません。保存容量を確認してください。	Não foi possível restaurar. Verifique o armazenamento local.
取消操作未保存，请稍后重试。	The removal was not saved. Please try again.	No se guardó la eliminación. Inténtalo de nuevo.	La suppression n’a pas été enregistrée. Réessayez.	Das Entfernen wurde nicht gespeichert. Bitte versuche es erneut.	解除を保存できませんでした。再試行してください。	A remoção não foi salva. Tente novamente.
已保存的高亮 · 点击查看	Saved highlight · Click to view	Destacado guardado · Ver	Surlignage enregistré · Afficher	Gespeicherte Markierung · Anzeigen	保存済みハイライト · クリックして表示	Destaque salvo · Clique para ver
正在读取本地记录…	Loading local highlights…	Cargando destacados locales…	Chargement des surlignages…	Lokale Markierungen werden geladen…	保存したハイライトを読み込み中…	Carregando destaques locais…
本地存储不可用，暂时无法保存高亮	Local storage unavailable; highlights cannot be saved	Almacenamiento no disponible; no se pueden guardar destacados	Stockage local indisponible ; surlignages non enregistrables	Lokaler Speicher nicht verfügbar; Markierungen können nicht gespeichert werden	ローカル保存を利用できないため、ハイライトを保存できません	Armazenamento indisponível; não é possível salvar destaques
把喜欢的句子留下来	Keep the lines that matter	Guarda las frases que importan	Gardez les phrases qui comptent	Behalte wichtige Zeilen	心に残る言葉を保存	Guarde os trechos importantes
选中一段文字，点击浮条中的「高亮」。	Select a passage, then click Highlight.	Selecciona un pasaje y pulsa Resaltar.	Sélectionnez un passage, puis Surligner.	Wähle eine Passage aus und klicke auf Markieren.	文章を選択して、表示される「ハイライト」を押します。	Selecione um trecho e clique em Destacar.
也可以按 Ctrl + Shift + H。	Or press Ctrl + Shift + H.	O pulsa Ctrl + Shift + H.	Ou appuyez sur Ctrl + Maj + H.	Oder drücke Strg + Umschalt + H.	Ctrl + Shift + H でも操作できます。	Ou pressione Ctrl + Shift + H.
已保存	Saved	Guardado	Enregistré	Gespeichert	保存済み	Salvo
原文有变动，保留此摘录	Original changed; excerpt kept	El original cambió; extracto conservado	Original modifié ; extrait conservé	Original geändert; Auszug bleibt erhalten	原文が変更されました。抜粋を保持しています	Original alterado; trecho mantido
取消高亮	Remove highlight	Quitar destacado	Supprimer le surlignage	Markierung entfernen	ハイライトを解除	Remover destaque
未找到匹配	No matches	Sin coincidencias	Aucun résultat	Keine Treffer	一致なし	Nenhum resultado
文件过大或无法读取。文档上限 5 MB，图片上限 15 MB。	File too large or unreadable. Documents: 5 MB; images: 15 MB.	Archivo demasiado grande o ilegible. Documentos: 5 MB; imágenes: 15 MB.	Fichier trop volumineux ou illisible. Documents : 5 Mo ; images : 15 Mo.	Datei zu groß oder nicht lesbar. Dokumente: 5 MB; Bilder: 15 MB.	ファイルが大きすぎるか読み取れません。文書は 5 MB、画像は 15 MB までです。	Arquivo grande demais ou ilegível. Documentos: 5 MB; imagens: 15 MB.
请选择 Markdown、TXT 文档或配套图片。	Choose a Markdown or TXT document, or a related image.	Elige un documento Markdown o TXT, o una imagen relacionada.	Choisissez un document Markdown ou TXT, ou une image associée.	Wähle ein Markdown- oder TXT-Dokument oder ein zugehöriges Bild.	Markdown、TXT 文書、または関連画像を選んでください。	Escolha um documento Markdown ou TXT, ou uma imagem relacionada.
已从文档库移除，原文件不受影响。	Removed from the library. The original file is unchanged.	Quitado de la biblioteca. El archivo original no ha cambiado.	Retiré de la bibliothèque. Le fichier original est inchangé.	Aus der Bibliothek entfernt. Die Originaldatei bleibt unverändert.	一覧から削除しました。原本は変更されません。	Removido da biblioteca. O arquivo original não foi alterado.
退出专注模式	Leave focus mode	Salir del modo enfoque	Quitter le mode concentration	Fokusmodus verlassen	集中モードを終了	Sair do modo foco
退出专注模式 (Esc)	Leave focus mode (Esc)	Salir del enfoque (Esc)	Quitter la concentration (Échap)	Fokusmodus verlassen (Esc)	集中モードを終了 (Esc)	Sair do modo foco (Esc)
先粘贴一些文字吧。	Paste some text first.	Pega texto primero.	Collez d’abord du texte.	Füge zuerst etwas Text ein.	先にテキストを貼り付けてください。	Cole algum texto primeiro.
文档超过 5 MB，请适当分段后再打开。	This document exceeds 5 MB. Split it into smaller files.	El documento supera los 5 MB. Divídelo en archivos más pequeños.	Ce document dépasse 5 Mo. Divisez-le en fichiers plus petits.	Dieses Dokument überschreitet 5 MB. Teile es in kleinere Dateien auf.	文書が 5 MB を超えています。分割してから開いてください。	Este documento excede 5 MB. Divida-o em arquivos menores.
未命名文档	Untitled	Sin título	Sans titre	Unbenannt	無題	Sem título
文字已就位，开始阅读吧。	Your text is ready to read.	Tu texto está listo para leer.	Votre texte est prêt à lire.	Dein Text ist bereit zum Lesen.	テキストを読み込めました。	Seu texto está pronto para ler.
设为默认阅读器	Set as default reader	Establecer como lector predeterminado	Définir comme lecteur par défaut	Als Standard-Reader festlegen	既定のリーダーに設定	Definir como leitor padrão
暂时无法打开此内容，请重新打开文档后重试。	Could not open this content. Reopen the document and try again.	No se pudo abrir. Vuelve a abrir el documento e inténtalo de nuevo.	Impossible d’ouvrir ce contenu. Rouvrez le document et réessayez.	Dieser Inhalt konnte nicht geöffnet werden. Öffne das Dokument erneut.	この内容を開けません。文書を開き直して再試行してください。	Não foi possível abrir. Reabra o documento e tente novamente.
移除 {name}	Remove {name}	Quitar {name}	Retirer {name}	{name} entfernen	{name} を一覧から削除	Remover {name}
跳转到 {name}	Jump to {name}	Ir a {name}	Aller à {name}	Zu {name} springen	{name} に移動	Ir para {name}
跳转到高亮：{quote}	Jump to highlight: {quote}	Ir al destacado: {quote}	Aller au surlignage : {quote}	Zur Markierung: {quote}	ハイライトへ移動：{quote}	Ir ao destaque: {quote}
取消高亮：{quote}	Remove highlight: {quote}	Quitar destacado: {quote}	Supprimer le surlignage : {quote}	Markierung entfernen: {quote}	ハイライトを解除：{quote}	Remover destaque: {quote}
主题，当前为{theme}	Theme, currently {theme}	Tema actual: {theme}	Thème actuel : {theme}	Aktuelles Design: {theme}	テーマ：{theme}	Tema atual: {theme}
{count} 字	{count} words / characters	{count} palabras / caracteres	{count} mots / caractères	{count} Wörter / Zeichen	{count} 語 / 文字	{count} palavras / caracteres
{count} 字 · 约 {minutes} 分钟	{count} words / characters · about {minutes} min	{count} palabras / caracteres · unos {minutes} min	{count} mots / caractères · environ {minutes} min	{count} Wörter / Zeichen · etwa {minutes} Min.	{count} 語 / 文字 · 約 {minutes} 分	{count} palavras / caracteres · cerca de {minutes} min
已打开 {count} 份文档	Opened {count} documents	{count} documentos abiertos	{count} documents ouverts	{count} Dokumente geöffnet	文書を {count} 件開きました	{count} documentos abertos
载入 {count} 张图片	Loaded {count} images	{count} imágenes cargadas	{count} images chargées	{count} Bilder geladen	画像を {count} 件読み込みました	{count} imagens carregadas
{count} 个文件过大或无法读取	{count} files too large or unreadable	{count} archivos demasiado grandes o ilegibles	{count} fichiers trop volumineux ou illisibles	{count} Dateien zu groß oder nicht lesbar	{count} 件が大きすぎるか読み取れません	{count} arquivos grandes demais ou ilegíveis
